{"params": {"N": 200, "Dx": 10, "Dy": 10, "burnIn": 10000, "thin": 1000}, "JKList": [[0.0, 0, 0, 0, 0.0], [0.05, 0, 0, 0, 0.05], [0.1, 0, 0, 0, 0.1], [0.15000000000000002, 0, 0, 0, 0.15000000000000002], [0.2, 0, 0, 0, 0.2], [0.25, 0, 0, 0, 0.25], [0.30000000000000004, 0, 0, 0, 0.30000000000000004], [0.35000000000000003, 0, 0, 0, 0.35000000000000003], [0.4, 0, 0, 0, 0.4], [0.45, 0, 0, 0, 0.45]]}