{"params": {"N": 300, "Dx": 10, "Dy": 10, "burnIn": 10000, "thin": 1000}, "JKList": [[0.0, 0, 0, 0, 0.0], [0.1, 0, 0, 0, 0.1], [0.2, 0, 0, 0, 0.2], [0.30000000000000004, 0, 0, 0, 0.30000000000000004], [0.4, 0, 0, 0, 0.4]]}